layer,input,ipa,ukrainian,status,scope,notes
onset,ㄱ,k,к,model-selected,isolated-syllable,"Lenis onset; broad canonical representation"
onset,ㄲ,k͈,к,model-selected,isolated-syllable,"Fortis onset; fortisness is not encoded as a separate Ukrainian grapheme"
onset,ㄴ,n,н,model-selected,isolated-syllable,""
onset,ㄷ,t,т,model-selected,isolated-syllable,""
onset,ㄸ,t͈,т,model-selected,isolated-syllable,"Fortisness neutralized in Ukrainian graphemic target"
onset,ㄹ,ɾ,р,model-selected,isolated-syllable,"Korean onset liquid represented by Ukrainian р in the canonical isolated table"
onset,ㅁ,m,м,model-selected,isolated-syllable,""
onset,ㅂ,p,п,model-selected,isolated-syllable,""
onset,ㅃ,p͈,п,model-selected,isolated-syllable,"Fortisness neutralized in Ukrainian graphemic target"
onset,ㅅ,s,с,model-selected,isolated-syllable,""
onset,ㅆ,s͈,с,model-selected,isolated-syllable,"Fortisness neutralized in Ukrainian graphemic target"
onset,ㅇ,, ,structural-null,isolated-syllable,"Null onset; whitespace in the CSV value is normalized to empty by generator"
onset,ㅈ,tɕ,ч,model-selected,isolated-syllable,""
onset,ㅉ,tɕ͈,ч,model-selected,isolated-syllable,"Fortisness neutralized in Ukrainian graphemic target"
onset,ㅊ,tɕʰ,ч,model-selected,isolated-syllable,"Aspiration not encoded as a separate Ukrainian grapheme"
onset,ㅋ,kʰ,к,model-selected,isolated-syllable,"Aspiration not encoded as a separate Ukrainian grapheme"
onset,ㅌ,tʰ,т,model-selected,isolated-syllable,"Aspiration not encoded as a separate Ukrainian grapheme"
onset,ㅍ,pʰ,п,model-selected,isolated-syllable,"Aspiration not encoded as a separate Ukrainian grapheme"
onset,ㅎ,h,х,model-selected,isolated-syllable,"Broad Korean [h] mapped to the closest Ukrainian graphemic category in this model"
vowel,ㅏ,a,а,model-selected,isolated-syllable,""
vowel,ㅐ,ɛ,е,model-selected,isolated-syllable,""
vowel,ㅑ,ja,я,model-selected,isolated-syllable,""
vowel,ㅒ,jɛ,є,model-selected,isolated-syllable,""
vowel,ㅓ,ʌ,о,model-selected,isolated-syllable,""
vowel,ㅔ,e,е,model-selected,isolated-syllable,""
vowel,ㅕ,jʌ,йо,model-selected,isolated-syllable,""
vowel,ㅖ,je,є,model-selected,isolated-syllable,""
vowel,ㅗ,o,о,model-selected,isolated-syllable,""
vowel,ㅘ,wa,ва,model-selected,isolated-syllable,""
vowel,ㅙ,wɛ,ве,model-selected,isolated-syllable,""
vowel,ㅚ,ø,ве,model-selected,isolated-syllable,""
vowel,ㅛ,jo,йо,model-selected,isolated-syllable,""
vowel,ㅜ,u,у,model-selected,isolated-syllable,""
vowel,ㅝ,wʌ,во,model-selected,isolated-syllable,""
vowel,ㅞ,we,ве,model-selected,isolated-syllable,""
vowel,ㅟ,y,ві,model-selected,isolated-syllable,""
vowel,ㅠ,ju,ю,model-selected,isolated-syllable,""
vowel,ㅡ,ɯ,и,model-selected,isolated-syllable,""
vowel,ㅢ,ɰi,ї,model-selected,isolated-syllable,""
vowel,ㅣ,i,і,model-selected,isolated-syllable,""
coda,, , ,structural-null,isolated-syllable,"placeholder row ignored by generator"
coda,ㄱ,k̚,к,model-selected,isolated-syllable,"Final representative [k̚]"
coda,ㄲ,k̚,к,model-selected,isolated-syllable,"Final neutralization"
coda,ㄳ,k̚,к,model-selected,isolated-syllable,"Final representative"
coda,ㄴ,n,н,model-selected,isolated-syllable,""
coda,ㄵ,n,н,model-selected,isolated-syllable,"Final representative"
coda,ㄶ,n,н,model-selected,isolated-syllable,"Final representative"
coda,ㄷ,t̚,т,model-selected,isolated-syllable,"Final neutralization"
coda,ㄹ,l,л,model-selected,isolated-syllable,""
coda,ㄺ,k̚,к,model-selected,isolated-syllable,"Final representative"
coda,ㄻ,m,м,model-selected,isolated-syllable,"Final representative"
coda,ㄼ,l,л,model-selected,isolated-syllable,"Final representative"
coda,ㄽ,l,л,model-selected,isolated-syllable,"Final representative"
coda,ㄾ,l,л,model-selected,isolated-syllable,"Final representative"
coda,ㄿ,p̚,п,model-selected,isolated-syllable,"Final representative"
coda,ㅀ,l,л,model-selected,isolated-syllable,"Final representative"
coda,ㅁ,m,м,model-selected,isolated-syllable,""
coda,ㅂ,p̚,п,model-selected,isolated-syllable,"Final neutralization"
coda,ㅄ,p̚,п,model-selected,isolated-syllable,"Final representative"
coda,ㅅ,t̚,т,model-selected,isolated-syllable,"Final neutralization"
coda,ㅆ,t̚,т,model-selected,isolated-syllable,"Final neutralization"
coda,ㅇ,ŋ,н,model-selected,isolated-syllable,"Korean velar nasal has no direct Ukrainian phoneme; canonical graphemic target uses н"
coda,ㅈ,t̚,т,model-selected,isolated-syllable,"Final neutralization"
coda,ㅊ,t̚,т,model-selected,isolated-syllable,"Final neutralization"
coda,ㅋ,k̚,к,model-selected,isolated-syllable,"Final neutralization"
coda,ㅌ,t̚,т,model-selected,isolated-syllable,"Final neutralization"
coda,ㅍ,p̚,п,model-selected,isolated-syllable,"Final neutralization"
coda,ㅎ,t̚,т,model-selected,isolated-syllable,"Context-sensitive in connected speech; isolated canonical table uses final representative"
