jamo_id,position,compatibility,codepoint,compatibility_codepoint
L1,L,ㄱ,U+1100,U+3131
L2,L,ㄲ,U+1101,U+3132
L3,L,ㄴ,U+1102,U+3134
L4,L,ㄷ,U+1103,U+3137
L5,L,ㄸ,U+1104,U+3138
L6,L,ㄹ,U+1105,U+3139
L7,L,ㅁ,U+1106,U+3141
L8,L,ㅂ,U+1107,U+3142
L9,L,ㅃ,U+1108,U+3143
L10,L,ㅅ,U+1109,U+3145
L11,L,ㅆ,U+110A,U+3146
L12,L,ㅇ,U+110B,U+3147
L13,L,ㅈ,U+110C,U+3148
L14,L,ㅉ,U+110D,U+3149
L15,L,ㅊ,U+110E,U+314A
L16,L,ㅋ,U+110F,U+314B
L17,L,ㅌ,U+1110,U+314C
L18,L,ㅍ,U+1111,U+314D
L19,L,ㅎ,U+1112,U+314E
V1,V,ㅏ,U+1161,U+314F
V2,V,ㅐ,U+1162,U+3150
V3,V,ㅑ,U+1163,U+3151
V4,V,ㅒ,U+1164,U+3152
V5,V,ㅓ,U+1165,U+3153
V6,V,ㅔ,U+1166,U+3154
V7,V,ㅕ,U+1167,U+3155
V8,V,ㅖ,U+1168,U+3156
V9,V,ㅗ,U+1169,U+3157
V10,V,ㅘ,U+116A,U+3158
V11,V,ㅙ,U+116B,U+3159
V12,V,ㅚ,U+116C,U+315A
V13,V,ㅛ,U+116D,U+315B
V14,V,ㅜ,U+116E,U+315C
V15,V,ㅝ,U+116F,U+315D
V16,V,ㅞ,U+1170,U+315E
V17,V,ㅟ,U+1171,U+315F
V18,V,ㅠ,U+1172,U+3160
V19,V,ㅡ,U+1173,U+3161
V20,V,ㅢ,U+1174,U+3162
V21,V,ㅣ,U+1175,U+3163
T1,T,ㄱ,U+11A8,U+3131
T2,T,ㄲ,U+11A9,U+3132
T3,T,ㄳ,U+11AA,U+3133
T4,T,ㄴ,U+11AB,U+3134
T5,T,ㄵ,U+11AC,U+3135
T6,T,ㄶ,U+11AD,U+3136
T7,T,ㄷ,U+11AE,U+3137
T8,T,ㄹ,U+11AF,U+3139
T9,T,ㄺ,U+11B0,U+313A
T10,T,ㄻ,U+11B1,U+313B
T11,T,ㄼ,U+11B2,U+313C
T12,T,ㄽ,U+11B3,U+313D
T13,T,ㄾ,U+11B4,U+313E
T14,T,ㄿ,U+11B5,U+313F
T15,T,ㅀ,U+11B6,U+3140
T16,T,ㅁ,U+11B7,U+3141
T17,T,ㅂ,U+11B8,U+3142
T18,T,ㅄ,U+11B9,U+3144
T19,T,ㅅ,U+11BA,U+3145
T20,T,ㅆ,U+11BB,U+3146
T21,T,ㅇ,U+11BC,U+3147
T22,T,ㅈ,U+11BD,U+3148
T23,T,ㅊ,U+11BE,U+314A
T24,T,ㅋ,U+11BF,U+314B
T25,T,ㅌ,U+11C0,U+314C
T26,T,ㅍ,U+11C1,U+314D
T27,T,ㅎ,U+11C2,U+314E
