position,unit,allowed,status
onset,ㄱ,true,phonotactic
onset,ㄲ,true,phonotactic
onset,ㄴ,true,phonotactic
onset,ㄷ,true,phonotactic
onset,ㄸ,true,phonotactic
onset,ㄹ,true,restricted
onset,ㅁ,true,phonotactic
onset,ㅂ,true,phonotactic
onset,ㅃ,true,phonotactic
onset,ㅅ,true,phonotactic
onset,ㅆ,true,phonotactic
onset,ㅇ,true,null-onset
onset,ㅈ,true,phonotactic
onset,ㅉ,true,phonotactic
onset,ㅊ,true,phonotactic
onset,ㅋ,true,phonotactic
onset,ㅌ,true,phonotactic
onset,ㅍ,true,phonotactic
onset,ㅎ,true,phonotactic
coda,ㄱ,true,neutralized
coda,ㄲ,true,neutralized
coda,ㄷ,true,neutralized
coda,ㄹ,true,lateral
coda,ㅁ,true,nasal
coda,ㅂ,true,neutralized
coda,ㅅ,true,neutralized
coda,ㅆ,true,neutralized
coda,ㅇ,true,nasal
coda,ㅈ,true,neutralized
coda,ㅊ,true,neutralized
coda,ㅋ,true,neutralized
coda,ㅌ,true,neutralized
coda,ㅍ,true,neutralized
coda,ㄸ,false,not-independent
coda,ㅃ,false,not-independent
coda,ㅉ,false,not-independent
