id,category,ipa,features,status,analysis_id
C01,stop,/p/,bilabial;stop;lenis,canonical,A1
C02,stop,/p͈/,bilabial;stop;fortis,canonical,A1
C03,stop,/pʰ/,bilabial;stop;aspirated,canonical,A1
C04,stop,/t/,alveolar;stop;lenis,canonical,A1
C05,stop,/t͈/,alveolar;stop;fortis,canonical,A1
C06,stop,/tʰ/,alveolar;stop;aspirated,canonical,A1
C07,stop,/k/,velar;stop;lenis,canonical,A1
C08,stop,/k͈/,velar;stop;fortis,canonical,A1
C09,stop,/kʰ/,velar;stop;aspirated,canonical,A1
C10,affricate,/tɕ/,alveolo-palatal;affricate;lenis,canonical,A1
C11,affricate,/tɕ͈/,alveolo-palatal;affricate;fortis,canonical,A1
C12,affricate,/tɕʰ/,alveolo-palatal;affricate;aspirated,canonical,A1
C13,fricative,/s/,alveolar;fricative;lenis,canonical,A1
C14,fricative,/s͈/,alveolar;fricative;fortis,canonical,A1
C15,nasal,/m/,bilabial;nasal,canonical,A1
C16,nasal,/n/,alveolar;nasal,canonical,A1
C17,nasal,/ŋ/,velar;nasal,canonical,A1
C18,liquid,/ɾ/,alveolar;tap,canonical,A1
C19,glottal,/h/,glottal;fricative,canonical,A1
V01,vowel,/i/,close;front;unrounded,canonical,A1
V02,vowel,/e/,close-mid;front;unrounded,canonical,A1
V03,vowel,/ɛ/,open-mid;front;unrounded,analysis-dependent,A2
V04,vowel,/a/,open;central;unrounded,canonical,A1
V05,vowel,/ʌ/,open-mid;back;unrounded,canonical,A1
V06,vowel,/o/,close-mid;back;rounded,canonical,A1
V07,vowel,/u/,close;back;rounded,canonical,A1
V08,vowel,/ɯ/,close;back;unrounded,canonical,A1
V09,vowel,/ø/,close-mid;front;rounded,analysis-dependent,A2
V10,vowel,/y/,close;front;rounded,analysis-dependent,A2
