source_id,language,system_or_source,year,source_type,evidence_level,coverage,locator_or_key_point,url,cell_policy
RUS-HK,Russian,Holodovich–Kontsevich practical transcription,1954-1966,historical_practical,primary_reference,full_Jamo_table,"published table; consonants and vowels; Russian Cyrillic",https://ru.wikipedia.org/wiki/%D0%A1%D0%B8%D1%81%D1%82%D0%B5%D0%BC%D0%B0_%D0%A5%D0%BE%D0%BB%D0%BE%D0%B4%D0%BE%D0%B2%D0%B8%D1%87%D0%B0,exact_source_for_rows_that_match_the_table
CZE-ST,Czech,Stanjurová Czech transcription of Korean,2023,thesis,academic_primary,system_history_phonetics,"66 pp.; compatibility of Korean/Czech phonemes and transcription development",https://theses.cz/id/oaet4o/,system_level_evidence_not_cellwise_claim_without_page_check
POL-KP,Polish,Kim & Pietrow Korean toponyms in Polish,2023,peer_reviewed,academic_primary,toponyms_and_phonic_assimilation,"Poradnik Językowy 800(1):40-57; DOI 10.33896/PorJ.2023.1.3",https://www.journals.polon.uw.edu.pl/index.php/pj/article/view/1631,system_level_evidence_not_a_Jamo_table
SVK-PRO,Slovak,Procházka Critical Remarks / Recommended new Slovak Romanization,2020,academic_primary,primary_table,full_basic_grapheme_table,"Table 6; š before /i,j/; recommended new proposal",https://fphil.uniba.sk/fileadmin/fif/katedry_pracoviska/kvas/SOS_subory_19_1/SOS_19_1__2020_.pdf,exact_for_published_table_rows
BUL-BEN,Bulgarian,Beneva et al. Transcription of Korean names and words in Bulgarian texts,2018,peer_reviewed,primary_practical,full_practical_system,"Manas 4(1):68-78; Sofia University Korean Studies system; avoids kх/tх/pх-like sequences",https://manas.fcml.uni-sofia.bg/storage/app/uploads/public/Man/as_/4_1/Manas_4_1_Transcription_of_Korean.pdf,exact_for_published_system_principles_and_table
SRB-GAL,Serbian,Galjević A need for transcription between Korean Hangul and Serbian Cyrillic,2023,policy_brief,proposal,full_proposal_table,"p.4 proposal table; explicitly not an established official system",https://serbia-korea.rs/wp-content/uploads/2026/01/A-need-for-transcription-between-Korean-Hangul-and-Serbian-Cyrillic.pdf,exact_for_proposal_table_not_official_standard
SLO-CB,Slovenian,Chang & Shigemori Bučar Korean Orthography of Loanwords and spelling problems with proper nouns from Slovenia,2019,peer_reviewed,academic_primary,Slovene_to_Korean_adaptation,"Acta Linguistica Asiatica 9(2):117-144; comparison and detailed clauses",https://doi.org/10.4312/ala.9.2.117-144,system_level_comparator_not_reverse_transcription_standard
UKR-SH,Ukrainian,Shchehel Practical transcription of Korean names into Ukrainian,2009,peer_reviewed,primary_ukrainian_precedent,full_name_transcription,"Movoznavstvo 2009(1):76-87; ㅅ before ㅣ/j as ш; initial fortis not necessarily doubled",https://nasplib.isofts.kiev.ua/bitstreams/10921b8d-8ffa-45b4-8315-ffc28aa24831/download,primary_Ukrainian_target_precedent
KOR-NIKL,Korean source,National Institute of Korean Language Standard Pronunciation Rules,2026,normative,normative_Korean,phonology_and_context,"standard pronunciation baseline",https://www.korean.go.kr/front/page/pageView.do?page_id=P000097,Korean_surface_evidence_before_target_projection
