"id","layer","korean","input_ipa","ukrainian_phonetic_target","ukrainian_practical_primary","ukrainian_contrastive","russian_kontsevich","czech","polish","slovak","bulgarian","serbian","slovenian","evidence_status","notes","source_ids","evidence_class","verification_note","cell_provenance"
"C001","consonant","ㄱ","k~ɡ","k~ɡ","к~ґ","к~ґ","к/г","—","—","к/g","к/g","к/g","—","documented+model","Normalized comparative row; Slavic cells are not claimed as exact national one-to-one standards.","RUS-HK;CZE-ST;POL-KP;SVK-PRO;BUL-BEN;SRB-GAL;SLO-CB","mixed_provenance","Russian and Slovak mappings directly checked against published tables; Czech/Polish/Slovenian sources establish target-language adaptation frameworks, not a claim of one-to-one Jamo standard.","russian_kontsevich:exact_source_table; czech:system_level_not_cellwise_verified; polish:system_level_not_Jamo_table; slovak:exact_source_table; bulgarian:exact_source_table; serbian:proposal_exact_table_not_official; slovenian:reverse_adaptation_comparator"
"C002","consonant","ㄲ","k͈","k","к","кк~к","кк/к","—","—","к","кк/к","к","—","comparative","Fortis retained analytically; primary Ukrainian output does not force initial doubling.","RUS-HK;CZE-ST;POL-KP;SVK-PRO;BUL-BEN;SRB-GAL;SLO-CB","mixed_provenance","Fortis retained analytically; primary Ukrainian output does not force initial doubling.","russian_kontsevich:exact_source_table; czech:system_level_not_cellwise_verified; polish:system_level_not_Jamo_table; slovak:exact_source_table; bulgarian:exact_source_table; serbian:proposal_exact_table_not_official; slovenian:reverse_adaptation_comparator"
"C003","consonant","ㄴ","n","n","н","н","н","—","—","н","н","н","—","documented","Stable broad correspondence.","RUS-HK;CZE-ST;POL-KP;SVK-PRO;BUL-BEN;SRB-GAL;SLO-CB","mixed_provenance","Stable broad correspondence.","russian_kontsevich:exact_source_table; czech:system_level_not_cellwise_verified; polish:system_level_not_Jamo_table; slovak:exact_source_table; bulgarian:exact_source_table; serbian:proposal_exact_table_not_official; slovenian:reverse_adaptation_comparator"
"C004","consonant","ㄷ","t~d","t~d","т~д","т~д","т/д","—","—","т/д","т/д","т/d","—","documented+model","Korean surface voicing must be resolved before target selection.","RUS-HK;CZE-ST;POL-KP;SVK-PRO;BUL-BEN;SRB-GAL;SLO-CB","mixed_provenance","Korean surface voicing must be resolved before target selection.","russian_kontsevich:exact_source_table; czech:system_level_not_cellwise_verified; polish:system_level_not_Jamo_table; slovak:exact_source_table; bulgarian:exact_source_table; serbian:proposal_exact_table_not_official; slovenian:reverse_adaptation_comparator"
"C005","consonant","ㄸ","t͈","t","т","тт~т","тт/т","—","—","т","тт/т","т","—","comparative","Fortis is not a Ukrainian phoneme.","RUS-HK;CZE-ST;POL-KP;SVK-PRO;BUL-BEN;SRB-GAL;SLO-CB","mixed_provenance","Fortis is not a Ukrainian phoneme.","russian_kontsevich:exact_source_table; czech:system_level_not_cellwise_verified; polish:system_level_not_Jamo_table; slovak:exact_source_table; bulgarian:exact_source_table; serbian:proposal_exact_table_not_official; slovenian:reverse_adaptation_comparator"
"C006","consonant","ㄹ","ɾ~l","r~l","р~л","р~л","р/л","—","—","р/л","р/л","р/л","—","documented+model","Onset/coda realization is decisive.","RUS-HK;CZE-ST;POL-KP;SVK-PRO;BUL-BEN;SRB-GAL;SLO-CB","mixed_provenance","Onset/coda realization is decisive.","russian_kontsevich:exact_source_table; czech:system_level_not_cellwise_verified; polish:system_level_not_Jamo_table; slovak:exact_source_table; bulgarian:exact_source_table; serbian:proposal_exact_table_not_official; slovenian:reverse_adaptation_comparator"
"C007","consonant","ㅁ","m","m","м","м","м","—","—","м","м","м","—","documented","Stable.","RUS-HK;CZE-ST;POL-KP;SVK-PRO;BUL-BEN;SRB-GAL;SLO-CB","mixed_provenance","Stable.","russian_kontsevich:exact_source_table; czech:system_level_not_cellwise_verified; polish:system_level_not_Jamo_table; slovak:exact_source_table; bulgarian:exact_source_table; serbian:proposal_exact_table_not_official; slovenian:reverse_adaptation_comparator"
"C008","consonant","ㅂ","p~b","p~b","п~б","п~б","п/б","—","—","п/б","п/б","п/b","—","documented+model","Korean surface voicing precedes Ukrainian target selection.","RUS-HK;CZE-ST;POL-KP;SVK-PRO;BUL-BEN;SRB-GAL;SLO-CB","mixed_provenance","Korean surface voicing precedes Ukrainian target selection.","russian_kontsevich:exact_source_table; czech:system_level_not_cellwise_verified; polish:system_level_not_Jamo_table; slovak:exact_source_table; bulgarian:exact_source_table; serbian:proposal_exact_table_not_official; slovenian:reverse_adaptation_comparator"
"C009","consonant","ㅃ","p͈","p","п","пп~п","пп/п","—","—","п","пп/п","п","—","comparative","Primary Ukrainian mode neutralizes fortis.","RUS-HK;CZE-ST;POL-KP;SVK-PRO;BUL-BEN;SRB-GAL;SLO-CB","mixed_provenance","Primary Ukrainian mode neutralizes fortis.","russian_kontsevich:exact_source_table; czech:system_level_not_cellwise_verified; polish:system_level_not_Jamo_table; slovak:exact_source_table; bulgarian:exact_source_table; serbian:proposal_exact_table_not_official; slovenian:reverse_adaptation_comparator"
"C010","consonant","ㅅ","s~ɕ","s~ʃ","с~ш","сс~ш","с/с","—","—","с/š","с/ш","с/ш","—","model+precedent","Ukrainian ш is a target candidate specifically in /i,j/-like environments; Shchehel is direct Ukrainian precedent.","RUS-HK;CZE-ST;POL-KP;SVK-PRO;BUL-BEN;SRB-GAL;SLO-CB","mixed_provenance","Ukrainian ш is a target candidate specifically in /i,j/-like environments; Shchehel is direct Ukrainian precedent. Ukrainian Shchehel and Slovak proposal independently support š/ш-type treatment before /i,j/; this is a target-language phonetic convergence, not a universal Slavic rule.","russian_kontsevich:exact_source_table; czech:system_level_not_cellwise_verified; polish:system_level_not_Jamo_table; slovak:exact_source_table; bulgarian:exact_source_table; serbian:proposal_exact_table_not_official; slovenian:reverse_adaptation_comparator"
"C011","consonant","ㅆ","s͈~ɕ͈","s~ʃ","с~ш","сс~ш","сс/с","—","—","с/š","сс/ш","с/ш","—","comparative+model","Fortis remains analytic; target may converge with ㅅ.","RUS-HK;CZE-ST;POL-KP;SVK-PRO;BUL-BEN;SRB-GAL;SLO-CB","mixed_provenance","Fortis remains analytic; target may converge with ㅅ. Ukrainian Shchehel and Slovak proposal independently support š/ш-type treatment before /i,j/; this is a target-language phonetic convergence, not a universal Slavic rule.","russian_kontsevich:exact_source_table; czech:system_level_not_cellwise_verified; polish:system_level_not_Jamo_table; slovak:exact_source_table; bulgarian:exact_source_table; serbian:proposal_exact_table_not_official; slovenian:reverse_adaptation_comparator"
"C012","consonant","ㅇ","∅~ŋ","∅~ŋ","∅~нґ","∅~нґ","н/нг","—","—","ng","н/нг","н/нг","—","documented+model","Onset is structural zero; coda [ŋ] must remain distinct in the research layer.","RUS-HK;CZE-ST;POL-KP;SVK-PRO;BUL-BEN;SRB-GAL;SLO-CB","mixed_provenance","Korean onset ㅇ is null; coda [ŋ] is distinct. Russian/South-Slavic practices may collapse it orthographically, but the research layer retains [ŋ].","russian_kontsevich:exact_source_table; czech:system_level_not_cellwise_verified; polish:system_level_not_Jamo_table; slovak:exact_source_table; bulgarian:exact_source_table; serbian:proposal_exact_table_not_official; slovenian:reverse_adaptation_comparator"
"C013","consonant","ㅈ","tɕ~dʑ","tɕ~dʑ","ч~дж","чч~дж","ч/дж","—","—","č/dž","ч/дж","ж/џ","—","documented+model","Do not encode ㅈ as unconditional ч or дж.","RUS-HK;CZE-ST;POL-KP;SVK-PRO;BUL-BEN;SRB-GAL;SLO-CB","mixed_provenance","Do not encode ㅈ as unconditional ч or дж.","russian_kontsevich:exact_source_table; czech:system_level_not_cellwise_verified; polish:system_level_not_Jamo_table; slovak:exact_source_table; bulgarian:exact_source_table; serbian:proposal_exact_table_not_official; slovenian:reverse_adaptation_comparator"
"C014","consonant","ㅉ","tɕ͈","tɕ","ч","чч~ч","чч/ч","—","—","ч","чч/ч","ч","—","comparative","Fortis retained analytically.","RUS-HK;CZE-ST;POL-KP;SVK-PRO;BUL-BEN;SRB-GAL;SLO-CB","mixed_provenance","Fortis retained analytically.","russian_kontsevich:exact_source_table; czech:system_level_not_cellwise_verified; polish:system_level_not_Jamo_table; slovak:exact_source_table; bulgarian:exact_source_table; serbian:proposal_exact_table_not_official; slovenian:reverse_adaptation_comparator"
"C015","consonant","ㅊ","tɕʰ","tɕ","ч","чх","чх","—","—","čh/č","чх/ч","ч","—","approved target","Primary Ukrainian practical mode neutralizes aspiration.","RUS-HK;CZE-ST;POL-KP;SVK-PRO;BUL-BEN;SRB-GAL;SLO-CB","mixed_provenance","Primary Ukrainian practical mode neutralizes aspiration. Cross-Slavic evidence confirms that aspiration-digraph strategies exist, while Bulgarian explicitly rejects kх/th/pх-type sequences for its practical system; Ukrainian primary mode therefore neutralizes aspiration.","russian_kontsevich:exact_source_table; czech:system_level_not_cellwise_verified; polish:system_level_not_Jamo_table; slovak:exact_source_table; bulgarian:exact_source_table; serbian:proposal_exact_table_not_official; slovenian:reverse_adaptation_comparator"
"C016","consonant","ㅋ","kʰ","k","к","кх","кх","—","—","kh/k","кх/к","к","—","approved target","Primary Ukrainian practical mode: к; contrastive mode may expose кх.","RUS-HK;CZE-ST;POL-KP;SVK-PRO;BUL-BEN;SRB-GAL;SLO-CB","mixed_provenance","Primary Ukrainian practical mode: к; contrastive mode may expose кх. Cross-Slavic evidence confirms that aspiration-digraph strategies exist, while Bulgarian explicitly rejects kх/th/pх-type sequences for its practical system; Ukrainian primary mode therefore neutralizes aspiration.","russian_kontsevich:exact_source_table; czech:system_level_not_cellwise_verified; polish:system_level_not_Jamo_table; slovak:exact_source_table; bulgarian:exact_source_table; serbian:proposal_exact_table_not_official; slovenian:reverse_adaptation_comparator"
"C017","consonant","ㅌ","tʰ","t","т","тх","тх","—","—","th/t","тх/т","т","—","approved target","Primary Ukrainian practical mode: т.","RUS-HK;CZE-ST;POL-KP;SVK-PRO;BUL-BEN;SRB-GAL;SLO-CB","mixed_provenance","Primary Ukrainian practical mode: т. Cross-Slavic evidence confirms that aspiration-digraph strategies exist, while Bulgarian explicitly rejects kх/th/pх-type sequences for its practical system; Ukrainian primary mode therefore neutralizes aspiration.","russian_kontsevich:exact_source_table; czech:system_level_not_cellwise_verified; polish:system_level_not_Jamo_table; slovak:exact_source_table; bulgarian:exact_source_table; serbian:proposal_exact_table_not_official; slovenian:reverse_adaptation_comparator"
"C018","consonant","ㅍ","pʰ","p","п","пх","пх","—","—","ph/p","ph/p","пх/п","—","ph/p","approved target","Primary Ukrainian practical mode: п.","mixed_provenance","ph/p","approved target Cross-Slavic evidence confirms that aspiration-digraph strategies exist, while Bulgarian explicitly rejects kх/th/pх-type sequences for its practical system; Ukrainian primary mode therefore neutralizes aspiration.","russian_kontsevich:exact_source_table; czech:system_level_not_cellwise_verified; polish:system_level_not_Jamo_table; slovak:exact_source_table; bulgarian:exact_source_table; serbian:proposal_exact_table_not_official; slovenian:reverse_adaptation_comparator"
"C019","consonant","ㅎ","h","h","х","х","х","—","—","х","h","х","—","documented+model","Contextual ㅎ effects belong to sequence-level processing.","RUS-HK;CZE-ST;POL-KP;SVK-PRO;BUL-BEN;SRB-GAL;SLO-CB","mixed_provenance","Contextual ㅎ effects belong to sequence-level processing.","russian_kontsevich:exact_source_table; czech:system_level_not_cellwise_verified; polish:system_level_not_Jamo_table; slovak:exact_source_table; bulgarian:exact_source_table; serbian:proposal_exact_table_not_official; slovenian:reverse_adaptation_comparator"
"V001","vowel","ㅏ","a","a","а","а","а","—","—","a","а","а","—","documented","Stable broad target.","RUS-HK;CZE-ST;POL-KP;SVK-PRO;BUL-BEN;SRB-GAL;SLO-CB","mixed_provenance","Stable broad target.","russian_kontsevich:exact_source_table; czech:system_level_not_cellwise_verified; polish:system_level_not_Jamo_table; slovak:exact_source_table; bulgarian:exact_source_table; serbian:proposal_exact_table_not_official; slovenian:reverse_adaptation_comparator"
"V002","vowel","ㅐ","ɛ~e","ɛ~e","е","е","э/е","—","—","e","е","е","—","documented+model","Keep ㅐ distinct in source data even when Ukrainian target converges.","RUS-HK;CZE-ST;POL-KP;SVK-PRO;BUL-BEN;SRB-GAL;SLO-CB","mixed_provenance","Keep ㅐ distinct in source data even when Ukrainian target converges.","russian_kontsevich:exact_source_table; czech:system_level_not_cellwise_verified; polish:system_level_not_Jamo_table; slovak:exact_source_table; bulgarian:exact_source_table; serbian:proposal_exact_table_not_official; slovenian:reverse_adaptation_comparator"
"V003","vowel","ㅑ","ja","ja","я","я","я","—","—","ja","я","ја","—","documented","Glide represented through Ukrainian orthography.","RUS-HK;CZE-ST;POL-KP;SVK-PRO;BUL-BEN;SRB-GAL;SLO-CB","mixed_provenance","Glide represented through Ukrainian orthography.","russian_kontsevich:exact_source_table; czech:system_level_not_cellwise_verified; polish:system_level_not_Jamo_table; slovak:exact_source_table; bulgarian:exact_source_table; serbian:proposal_exact_table_not_official; slovenian:reverse_adaptation_comparator"
"V004","vowel","ㅒ","jɛ","je","є","є","я/е","—","—","je","йе/е","је","—","comparative+model","Target is orthographic approximation, not phonemic identity.","RUS-HK;CZE-ST;POL-KP;SVK-PRO;BUL-BEN;SRB-GAL;SLO-CB","mixed_provenance","Target is orthographic approximation, not phonemic identity.","russian_kontsevich:exact_source_table; czech:system_level_not_cellwise_verified; polish:system_level_not_Jamo_table; slovak:exact_source_table; bulgarian:exact_source_table; serbian:proposal_exact_table_not_official; slovenian:reverse_adaptation_comparator"
"V005","vowel","ㅓ","ʌ","ɔ~o","о","о","о/o","—","—","o","о","о","—","model","Ukrainian о is a target approximation, not Korean/Ukrainian phoneme identity.","RUS-HK;CZE-ST;POL-KP;SVK-PRO;BUL-BEN;SRB-GAL;SLO-CB","mixed_provenance","Ukrainian о is a target approximation, not Korean/Ukrainian phoneme identity.","russian_kontsevich:exact_source_table; czech:system_level_not_cellwise_verified; polish:system_level_not_Jamo_table; slovak:exact_source_table; bulgarian:exact_source_table; serbian:proposal_exact_table_not_official; slovenian:reverse_adaptation_comparator"
"V006","vowel","ㅔ","e","e","е","е","э/е","—","—","e","е","е","—","documented","Target convergence with ㅐ is intentional.","RUS-HK;CZE-ST;POL-KP;SVK-PRO;BUL-BEN;SRB-GAL;SLO-CB","mixed_provenance","Target convergence with ㅐ is intentional.","russian_kontsevich:exact_source_table; czech:system_level_not_cellwise_verified; polish:system_level_not_Jamo_table; slovak:exact_source_table; bulgarian:exact_source_table; serbian:proposal_exact_table_not_official; slovenian:reverse_adaptation_comparator"
"V007","vowel","ㅕ","jʌ","jo","йо","йо","ё/йо","—","—","jo","йо","јо","—","model","Target selected through Ukrainian phonetic/orthographic constraints.","RUS-HK;CZE-ST;POL-KP;SVK-PRO;BUL-BEN;SRB-GAL;SLO-CB","mixed_provenance","Target selected through Ukrainian phonetic/orthographic constraints.","russian_kontsevich:exact_source_table; czech:system_level_not_cellwise_verified; polish:system_level_not_Jamo_table; slovak:exact_source_table; bulgarian:exact_source_table; serbian:proposal_exact_table_not_official; slovenian:reverse_adaptation_comparator"
"V008","vowel","ㅖ","je","je","є","є","е/ё","—","—","je","йе/е","је","—","model","Requires sequence-level orthographic review.","RUS-HK;CZE-ST;POL-KP;SVK-PRO;BUL-BEN;SRB-GAL;SLO-CB","mixed_provenance","Requires sequence-level orthographic review.","russian_kontsevich:exact_source_table; czech:system_level_not_cellwise_verified; polish:system_level_not_Jamo_table; slovak:exact_source_table; bulgarian:exact_source_table; serbian:proposal_exact_table_not_official; slovenian:reverse_adaptation_comparator"
"V009","vowel","ㅗ","o","o","о","о","о","—","—","o","о","о","—","documented","Stable.","RUS-HK;CZE-ST;POL-KP;SVK-PRO;BUL-BEN;SRB-GAL;SLO-CB","mixed_provenance","Stable.","russian_kontsevich:exact_source_table; czech:system_level_not_cellwise_verified; polish:system_level_not_Jamo_table; slovak:exact_source_table; bulgarian:exact_source_table; serbian:proposal_exact_table_not_official; slovenian:reverse_adaptation_comparator"
"V010","vowel","ㅘ","wa","wa","ва","ва","ва","—","—","va","ва","ва","—","model","Target treats /w/ as a Ukrainian-compatible sequence rather than a Korean-identical phoneme.","RUS-HK;CZE-ST;POL-KP;SVK-PRO;BUL-BEN;SRB-GAL;SLO-CB","mixed_provenance","Target treats /w/ as a Ukrainian-compatible sequence rather than a Korean-identical phoneme.","russian_kontsevich:exact_source_table; czech:system_level_not_cellwise_verified; polish:system_level_not_Jamo_table; slovak:exact_source_table; bulgarian:exact_source_table; serbian:proposal_exact_table_not_official; slovenian:reverse_adaptation_comparator"
"V011","vowel","ㅙ","wɛ","we","ве","ве","вэ/ве","—","—","ve","ве","ве","—","model","Modern Korean merger/variation retained at source layer.","RUS-HK;CZE-ST;POL-KP;SVK-PRO;BUL-BEN;SRB-GAL;SLO-CB","mixed_provenance","Modern Korean merger/variation retained at source layer.","russian_kontsevich:exact_source_table; czech:system_level_not_cellwise_verified; polish:system_level_not_Jamo_table; slovak:exact_source_table; bulgarian:exact_source_table; serbian:proposal_exact_table_not_official; slovenian:reverse_adaptation_comparator"
"V012","vowel","ㅚ","ø~we","we","ве","ве","вэ/ё","—","—","ve","ве","ве","—","documented+model","Korean surface variation precedes target selection.","RUS-HK;CZE-ST;POL-KP;SVK-PRO;BUL-BEN;SRB-GAL;SLO-CB","mixed_provenance","Korean surface variation precedes target selection.","russian_kontsevich:exact_source_table; czech:system_level_not_cellwise_verified; polish:system_level_not_Jamo_table; slovak:exact_source_table; bulgarian:exact_source_table; serbian:proposal_exact_table_not_official; slovenian:reverse_adaptation_comparator"
"V013","vowel","ㅛ","jo","jo","йо","йо","ё/йо","—","—","jo","йо","јо","—","documented+model","","RUS-HK;CZE-ST;POL-KP;SVK-PRO;BUL-BEN;SRB-GAL;SLO-CB","mixed_provenance","","russian_kontsevich:exact_source_table; czech:system_level_not_cellwise_verified; polish:system_level_not_Jamo_table; slovak:exact_source_table; bulgarian:exact_source_table; serbian:proposal_exact_table_not_official; slovenian:reverse_adaptation_comparator"
"V014","vowel","ㅜ","u","u","у","у","у","—","—","u","у","у","—","documented","Stable.","RUS-HK;CZE-ST;POL-KP;SVK-PRO;BUL-BEN;SRB-GAL;SLO-CB","mixed_provenance","Stable.","russian_kontsevich:exact_source_table; czech:system_level_not_cellwise_verified; polish:system_level_not_Jamo_table; slovak:exact_source_table; bulgarian:exact_source_table; serbian:proposal_exact_table_not_official; slovenian:reverse_adaptation_comparator"
"V015","vowel","ㅝ","wʌ","wo","во","во","во","—","—","vo","во","во","—","model","Ukrainian target approximation.","RUS-HK;CZE-ST;POL-KP;SVK-PRO;BUL-BEN;SRB-GAL;SLO-CB","mixed_provenance","Ukrainian target approximation.","russian_kontsevich:exact_source_table; czech:system_level_not_cellwise_verified; polish:system_level_not_Jamo_table; slovak:exact_source_table; bulgarian:exact_source_table; serbian:proposal_exact_table_not_official; slovenian:reverse_adaptation_comparator"
"V016","vowel","ㅞ","we","we","ве","ве","вэ/ве","—","—","ve","ве","ве","—","model","","RUS-HK;CZE-ST;POL-KP;SVK-PRO;BUL-BEN;SRB-GAL;SLO-CB","mixed_provenance","","russian_kontsevich:exact_source_table; czech:system_level_not_cellwise_verified; polish:system_level_not_Jamo_table; slovak:exact_source_table; bulgarian:exact_source_table; serbian:proposal_exact_table_not_official; slovenian:reverse_adaptation_comparator"
"V017","vowel","ㅟ","y~wi","wi","ві","ві","ви/вю","—","—","vi","ви","ви","—","documented+model","Korean ㅟ may be monophthongal or diphthongal; target is not literal identity.","RUS-HK;CZE-ST;POL-KP;SVK-PRO;BUL-BEN;SRB-GAL;SLO-CB","mixed_provenance","Korean ㅟ may be monophthongal or diphthongal; target is not literal identity.","russian_kontsevich:exact_source_table; czech:system_level_not_cellwise_verified; polish:system_level_not_Jamo_table; slovak:exact_source_table; bulgarian:exact_source_table; serbian:proposal_exact_table_not_official; slovenian:reverse_adaptation_comparator"
"V018","vowel","ㅠ","ju","ju","ю","ю","ю","—","—","ju","ю","ју","—","documented","","RUS-HK;CZE-ST;POL-KP;SVK-PRO;BUL-BEN;SRB-GAL;SLO-CB","mixed_provenance","","russian_kontsevich:exact_source_table; czech:system_level_not_cellwise_verified; polish:system_level_not_Jamo_table; slovak:exact_source_table; bulgarian:exact_source_table; serbian:proposal_exact_table_not_official; slovenian:reverse_adaptation_comparator"
"V019","vowel","ㅡ","ɯ","ɯ~ɨ","и","и","ы","—","—","ы","и","и","—","approved target","Ukrainian и is a target approximation; Russian ы is comparator evidence only.","RUS-HK;CZE-ST;POL-KP;SVK-PRO;BUL-BEN;SRB-GAL;SLO-CB","mixed_provenance","Ukrainian и is a target approximation; Russian ы is comparator evidence only.","russian_kontsevich:exact_source_table; czech:system_level_not_cellwise_verified; polish:system_level_not_Jamo_table; slovak:exact_source_table; bulgarian:exact_source_table; serbian:proposal_exact_table_not_official; slovenian:reverse_adaptation_comparator"
"V020","vowel","ㅢ","ɰi~i~e","context-dependent","context-dependent","context-dependent","ы/и/э","—","—","ui","ый/и","и/ји","—","documented context-sensitive","No unconditional target. Environment, lexical status and particle use must be represented.","RUS-HK;CZE-ST;POL-KP;SVK-PRO;BUL-BEN;SRB-GAL;SLO-CB","mixed_provenance","No unconditional Ukrainian output; NIKL/context and comparative systems show environment-sensitive behavior.","russian_kontsevich:exact_source_table; czech:system_level_not_cellwise_verified; polish:system_level_not_Jamo_table; slovak:exact_source_table; bulgarian:exact_source_table; serbian:proposal_exact_table_not_official; slovenian:reverse_adaptation_comparator"
"V021","vowel","ㅣ","i","i","і","і","и/i","—","—","i","і","и","—","documented","Stable.","RUS-HK;CZE-ST;POL-KP;SVK-PRO;BUL-BEN;SRB-GAL;SLO-CB","mixed_provenance","Stable.","russian_kontsevich:exact_source_table; czech:system_level_not_cellwise_verified; polish:system_level_not_Jamo_table; slovak:exact_source_table; bulgarian:exact_source_table; serbian:proposal_exact_table_not_official; slovenian:reverse_adaptation_comparator"
